{
    "MyDemo3": "Demo Program 3",
    "demo3-png": "./assets/demo-en.png",
    "安卓端": "Android Device",
    "电脑端": "Windows Desktop App",
    "官服资源": "Official Server Resource Pack",
    "B站资源": "Bilibili Server Resource Pack",
    "收取荒原": "Collect Wilderness Resources",
    "每日心相": "Daily Psychube (Wilderness Analysis)",
    "常规作战": "Regular Combat Mission",
    "活动任务": "Event: A Nightmare At Green Lake 17 Dire",
    "领取奖励": "Claim Daily Rewards",
    "选择作战关卡": "Please select the stage to farm",
    "3-9厄险": "3-9 Dire (Lark)",
    "4-20厄险": "4-20 Dire (Two-Headed Skeleton)",
    "章节号": "Chapter Number",
    "难度": "Stage Difficulty",
    "超时时间": "Timeout Duration (milliseconds)",
    "1次": "Replay 1 time",
    "2次": "Replay 2 times",
    "3次": "Replay 3 times",
    "4次": "Replay 4 times",
    "是": "Yes",
    "否": "No",
    "刷完全部体力": "Use all stamina",
    "使用理智药": "Use sanity potion",
    "使用": "Use",
    "不使用": "Don't use",
    "刷完后操作": "Action after farming",
    "返回主界面": "Return to main menu",
    "继续战斗": "Continue battle",
    "退出游戏": "Exit game"
}