{
    "MyDemo3": "示例程序3",
    "demo3-png": "./assets/demo-zh.png",
    "安卓端": "安卓设备",
    "电脑端": "Windows 桌面应用",
    "官服资源": "官方服务器资源包",
    "B站资源": "Bilibili 服务器资源包",
    "收取荒原": "收取荒原资源",
    "每日心相": "每日心相（意志解析）",
    "常规作战": "常规作战任务",
    "活动任务": "活动：绿湖噩梦 17 艰难",
    "领取奖励": "领取每日奖励",
    "选择作战关卡": "请选择要刷的关卡",
    "3-9厄险": "3-9 厄险（百灵百验鸟）",
    "4-20厄险": "4-20 厄险（双头形骨架）",
    "章节号": "章节号",
    "难度": "关卡难度",
    "超时时间": "等待超时时间（毫秒）",
    "1次": "复现 1 次",
    "2次": "复现 2 次",
    "3次": "复现 3 次",
    "4次": "复现 4 次",
    "是": "是",
    "否": "否",
    "刷完全部体力": "是否刷完全部体力",
    "使用理智药": "是否使用理智药",
    "使用": "使用",
    "不使用": "不使用",
    "刷完后操作": "刷完关卡后的操作",
    "返回主界面": "返回主界面",
    "继续战斗": "继续战斗",
    "退出游戏": "退出游戏"
}